{"cameraMode":{"drawMode":0,"name":"Shaded","section":"Shading Mode"},"sceneLighting":true,"audioPlay":false,"sceneViewState":{"showFog":true,"showMaterialUpdate":false,"showSkybox":true,"showFlares":true,"showImageEffects":true,"showParticleSystems":true},"in2DMode":false,"pivot":{"x":3.8745644092559816,"y":0.9044813513755798,"z":3.855152130126953},"rotation":{"x":-0.017036721110343934,"y":-0.961743175983429,"z":0.26649072766304018,"w":-0.06153562664985657},"size":1.7857890129089356,"orthographic":false}