{"cameraMode":{"drawMode":0,"name":"Shaded","section":"Shading Mode"},"sceneLighting":false,"audioPlay":false,"sceneViewState":{"showFog":true,"showMaterialUpdate":false,"showSkybox":false,"showFlares":true,"showImageEffects":true,"showParticleSystems":true},"in2DMode":false,"pivot":{"x":-123.9278564453125,"y":21.451675415039064,"z":-44.710609436035159},"rotation":{"x":0.05500992387533188,"y":0.9396452903747559,"z":-0.2848178446292877,"w":0.18149413168430329},"size":0.00020062769181095064,"orthographic":false}