{"cameraMode":{"drawMode":0,"name":"Shaded","section":"Shading Mode"},"sceneLighting":false,"audioPlay":false,"sceneViewState":{"showFog":true,"showMaterialUpdate":false,"showSkybox":false,"showFlares":true,"showImageEffects":true,"showParticleSystems":true},"in2DMode":false,"pivot":{"x":14.1119384765625,"y":-10.314833641052246,"z":-7.966804027557373},"rotation":{"x":0.04546666145324707,"y":0.9396954774856567,"z":-0.3096426725387573,"w":0.13798853754997254},"size":24.399150848388673,"orthographic":false}