{"cameraMode":{"drawMode":0,"name":"Shaded","section":"Shading Mode"},"sceneLighting":false,"audioPlay":false,"sceneViewState":{"showFog":true,"showMaterialUpdate":false,"showSkybox":false,"showFlares":true,"showImageEffects":true,"showParticleSystems":true},"in2DMode":false,"pivot":{"x":-124.727294921875,"y":22.808385848999025,"z":-23.44719696044922},"rotation":{"x":0.024181067943572999,"y":0.9544734358787537,"z":-0.2861883342266083,"w":0.08065500855445862},"size":16.65023422241211,"orthographic":false}